img_path,steering,throttle,lwheel,rwheel,speed_signed,timestamp
00000.png,0,0.0,-0.0001985513980511863,-0.0007382417251892981,-3.145672076114288e-05,2025-07-24T21:57:57.929536
00001.png,0,0.0,-0.00013898597863583038,-0.0005167692076325087,-2.4859979439305048e-05,2025-07-24T21:57:58.175699
00002.png,0,0.0,-9.729018504508127e-05,-0.00036173844534275607,-2.0300058936321988e-05,2025-07-24T21:57:58.438823
00003.png,0,20.0,5.999931896870469,5.99974678308826,0.17024259887155233,2025-07-24T21:57:58.678504
00004.png,0,20.0,10.199952327809328,10.199822748161782,0.43308256577216736,2025-07-24T21:57:58.945660
00005.png,0,20.0,13.139966629466528,13.139875923713248,0.7017757267099439,2025-07-24T21:57:59.208010
00006.png,-1,20.0,10.69797664062657,19.697913146599273,0.795762742067199,2025-07-24T21:57:59.454740
00007.png,0,20.0,13.488583648438599,19.78853920261949,0.8573294982196098,2025-07-24T21:57:59.703393
00008.png,-1,20.0,10.94200855390702,24.35197744183364,0.903172621063715,2025-07-24T21:57:59.945527
00009.png,-1,20.0,9.159405987734914,27.546384209283545,0.9551658921218161,2025-07-24T21:58:00.186611
00010.png,0,20.0,12.41158419141444,25.28246894649848,0.9654164978997285,2025-07-24T21:58:00.439814
00011.png,0,20.0,14.688108933990106,23.697728262548935,1.0084669220124567,2025-07-24T21:58:00.694363
00012.png,0,20.0,16.281676253793073,22.588409783784254,1.0430122167103193,2025-07-24T21:58:00.936418
00013.png,0,20.0,17.39717337765515,21.811886848648975,1.1014000560653348,2025-07-24T21:58:01.186326
00014.png,0,20.0,18.178021364358607,21.268320794054283,1.1140922224386287,2025-07-24T21:58:01.453908
00015.png,0,20.0,18.724614955051024,20.887824555837994,1.1510568875615688,2025-07-24T21:58:01.707040
00016.png,0,20.0,19.107230468535718,20.621477189086598,1.1757627848991794,2025-07-24T21:58:01.961630
00017.png,0,20.0,19.375061327975004,20.43503403236062,1.1885423613112496,2025-07-24T21:58:02.231214
00018.png,0,20.0,19.562542929582502,20.304523822652435,1.1969964589584992,2025-07-24T21:58:02.482712
00019.png,0,20.0,19.69378005070775,20.213166675856705,1.20446847133019,2025-07-24T21:58:02.733412
00020.png,0,20.0,19.785646035495425,20.149216673099694,1.211613771187833,2025-07-24T21:58:02.978296
00021.png,0,20.0,19.849952224846795,20.104451671169784,1.206651295093296,2025-07-24T21:58:03.231428
00022.png,0,20.0,19.894966557392756,20.073116169818846,1.2167352792838513,2025-07-24T21:58:03.471122
00023.png,0,20.0,19.92647659017493,20.05118131887319,1.217422292298955,2025-07-24T21:58:03.714811
00024.png,0,20.0,19.94853361312245,20.035826923211232,1.2186771120204842,2025-07-24T21:58:03.946323
00025.png,0,20.0,19.963973529185715,20.02507884624786,1.2156745507890603,2025-07-24T21:58:04.179946
00026.png,1,20.0,24.47478147043,15.517555192373502,1.2493694625733616,2025-07-24T21:58:04.414364
00027.png,0,20.0,23.132347029301,16.86228863466145,1.2704565156901237,2025-07-24T21:58:04.643191
00028.png,1,20.0,26.692642920510696,13.303602044263014,1.3110256589860652,2025-07-24T21:58:04.869177
00029.png,1,20.0,29.184850044357486,10.81252143098411,1.3435359630972246,2025-07-24T21:58:05.094287
00030.png,0,20.0,26.429395031050237,13.568765001688876,1.3676020350126186,2025-07-24T21:58:05.308474
00031.png,1,20.0,29.000576521735166,10.998135501182212,1.3918291839212098,2025-07-24T21:58:05.536011
00032.png,1,20.0,30.800403565214616,9.198694850827547,1.4300660559031186,2025-07-24T21:58:05.749942
00033.png,1,20.0,32.06028249565023,7.939086395579283,1.4501695054182353,2025-07-24T21:58:05.965313
00034.png,0,20.0,28.44219774695516,11.557360476905497,1.4743416523001625,2025-07-24T21:58:06.181501
00035.png,1,20.0,30.40953842286861,9.590152333833847,1.497834028198942,2025-07-24T21:58:06.391573
00036.png,0,20.0,27.286676896008025,12.713106633683694,1.5001541589043126,2025-07-24T21:58:06.608826
00037.png,1,20.0,29.600673827205615,10.399174643578585,1.5215033724819824,2025-07-24T21:58:06.831214
00038.png,0,20.0,26.72047167904393,13.279422250505009,1.5143654864067622,2025-07-24T21:58:07.043457
00039.png,1,20.0,29.20433017533075,10.795595575353506,1.5065060047337508,2025-07-24T21:58:07.264181
00040.png,1,20.0,30.943031122731522,9.056916902747453,1.514796684274844,2025-07-24T21:58:07.472055
00041.png,0,20.0,27.660121785912064,12.339841831923216,1.5286884938334013,2025-07-24T21:58:07.696490
00042.png,0,20.0,25.362085250138446,14.63788928234625,1.4928537117505984,2025-07-24T21:58:07.911148
00043.png,0,20.0,23.75345967509691,16.246522497642374,1.4220146452719358,2025-07-24T21:58:08.136950
00044.png,0,20.0,22.627421772567835,17.37256574834966,1.364649267732961,2025-07-24T21:58:08.349894
00045.png,0,20.0,21.839195240797483,18.16079602384476,1.3147863781311766,2025-07-24T21:58:08.564721
00046.png,0,20.0,21.287436668558236,18.71255721669133,1.2656395785403736,2025-07-24T21:58:08.788748
00047.png,1,20.0,25.401205667990766,14.598790051683931,1.2767091506555936,2025-07-24T21:58:09.003189
00048.png,1,20.0,28.280843967593533,11.719153036178751,1.3095409146023147,2025-07-24T21:58:09.236873
00049.png,1,20.0,30.296590777315473,9.703407125325125,1.339977373419019,2025-07-24T21:58:09.456335
00050.png,1,20.0,31.70761354412083,8.292384987727587,1.3816854139090486,2025-07-24T21:58:09.670956
00051.png,1,20.0,32.69532948088458,7.30466949140931,1.4003778033422662,2025-07-24T21:58:09.885395
00052.png,0,20.0,28.886730636619205,11.113268643986517,1.4179495136371547,2025-07-24T21:58:10.111919
00053.png,0,20.0,26.22071144563344,13.779288050790562,1.412932510294806,2025-07-24T21:58:10.352805
00054.png,0,20.0,24.354498011943406,15.645501635553392,1.384362293987379,2025-07-24T21:58:10.590256
00055.png,-1,20.0,18.548148608360382,21.451851144887375,1.289661174455181,2025-07-24T21:58:10.829411
00056.png,-1,20.0,14.483704025852267,25.516295801421162,1.2428834083756037,2025-07-24T21:58:11.056494
00057.png,0,20.0,16.138592818096587,23.86140706099481,1.2091554890121834,2025-07-24T21:58:11.286986
00058.png,0,20.0,17.29701497266761,22.702984942696368,1.18519818081623,2025-07-24T21:58:11.530648
00059.png,0,20.0,18.107910480867325,21.89208945988746,1.1733991338698846,2025-07-24T21:58:11.770133
00060.png,1,20.0,23.17553733660713,16.82446262192122,1.1988182117149586,2025-07-24T21:58:12.007605
00061.png,1,20.0,26.72287613562499,13.277123835344854,1.2272439422139076,2025-07-24T21:58:12.252249
00062.png,1,20.0,29.20601329493749,10.793986684741398,1.3086400882467297,2025-07-24T21:58:12.502810
00063.png,1,20.0,30.944209306456244,9.055790679318978,1.3268660476520897,2025-07-24T21:58:12.756309
00064.png,1,20.0,32.16094651451937,7.839053475523285,1.3558510294075132,2025-07-24T21:58:13.008200
00065.png,1,20.0,33.012662560163555,6.9873374328662985,1.3923217552891032,2025-07-24T21:58:13.261418
00066.png,0,20.0,29.108863792114487,10.891136203006408,1.3870442513529826,2025-07-24T21:58:13.502204
00067.png,0,20.0,26.37620465448014,13.623795342104485,1.367835592960982,2025-07-24T21:58:13.745817
00068.png,0,20.0,24.463343258136096,15.53665673947314,1.342492140950149,2025-07-24T21:58:13.991267
00069.png,0,20.0,23.124340280695264,16.875659717631198,1.3194087091143663,2025-07-24T21:58:14.235438
00070.png,0,20.0,22.187038196486686,17.81296180234184,1.2968362418900432,2025-07-24T21:58:14.492564
00071.png,1,20.0,26.03092673754068,13.969073261639286,1.3109425717759873,2025-07-24T21:58:14.741644
00072.png,1,20.0,28.721648716278473,11.278351283147499,1.3554373548533685,2025-07-24T21:58:14.984136
00073.png,1,20.0,30.60515410139493,9.394845898203249,1.3769704781003538,2025-07-24T21:58:15.251447
00074.png,1,20.0,31.92360787097645,8.076392128742274,1.4119358717760322,2025-07-24T21:58:15.502499
00075.png,0,20.0,28.346525509683513,11.653474490119592,1.428478875843231,2025-07-24T21:58:15.792827
00076.png,0,20.0,25.84256785677846,14.157432143083714,1.4314814183219897,2025-07-24T21:58:16.072070
00077.png,0,20.0,24.08979749974492,15.910202500158599,1.4056571001132006,2025-07-24T21:58:16.353870
00078.png,0,20.0,22.862858249821443,17.13714175011102,1.3520711207071596,2025-07-24T21:58:16.635267
00079.png,0,20.0,22.00400077487501,17.995999225077714,1.3225624113469048,2025-07-24T21:58:16.912782
00080.png,0,20.0,21.402800542412507,18.5971994575544,1.269033783263221,2025-07-24T21:58:17.208585
00081.png,0,20.0,20.981960379688754,19.01803962028808,1.2446177156346816,2025-07-24T21:58:17.492758
00082.png,1,20.0,25.187372265782127,14.812627734201655,1.2712791382888715,2025-07-24T21:58:17.766184
00083.png,0,20.0,23.63116058604749,16.36883941394116,1.2924448283018752,2025-07-24T21:58:18.053870
00084.png,1,20.0,27.04181241023324,12.958187589758811,1.3176146475502868,2025-07-24T21:58:18.344782
00085.png,0,20.0,24.92926868716327,15.070731312831168,1.3265117516966507,2025-07-24T21:58:18.630049
00086.png,0,20.0,23.45048808101429,16.549511918981814,1.3313569515647052,2025-07-24T21:58:18.915565
00087.png,0,20.0,22.41534165671,17.58465834328727,1.3148399246403184,2025-07-24T21:58:19.200792
00088.png,0,20.0,21.690739159697,18.309260840301086,1.293133153549968,2025-07-24T21:58:19.485833
00089.png,0,20.0,21.183517411787896,18.81648258821076,1.2721554118093006,2025-07-24T21:58:19.767927
00090.png,0,20.0,20.828462188251528,19.171537811747534,1.2400159112262163,2025-07-24T21:58:20.046477
00091.png,0,20.0,20.579923531776068,19.42007646822327,1.233849244019737,2025-07-24T21:58:20.332228
00092.png,0,20.0,20.405946472243244,19.594053527756287,1.2345585877209626,2025-07-24T21:58:20.609307
00093.png,0,20.0,20.28416253057027,19.715837469429403,1.2227586039729783,2025-07-24T21:58:20.910595
00094.png,0,20.0,20.19891377139919,19.80108622860058,1.2291810758844979,2025-07-24T21:58:21.181410
00095.png,0,20.0,20.139239639979433,19.860760360020407,1.2210848620881813,2025-07-24T21:58:21.466420
00096.png,0,20.0,20.097467747985604,19.902532252014282,1.2236605550663033,2025-07-24T21:58:21.753570
00097.png,0,20.0,20.068227423589924,19.931772576409998,1.2275486144343921,2025-07-24T21:58:22.034017
00098.png,0,20.0,20.047759196512946,19.952240803486998,1.2209604632423794,2025-07-24T21:58:22.318438
00099.png,0,20.0,20.03343143755906,19.966568562440898,1.218710689923707,2025-07-24T21:58:22.599483
00100.png,0,20.0,20.02340200629134,19.97659799370863,1.2183646631898195,2025-07-24T21:58:22.886270
00101.png,0,20.0,20.016381404403937,19.98361859559604,1.2235842481979007,2025-07-24T21:58:23.158117
00102.png,0,20.0,20.011466983082755,19.98853301691723,1.227184854024875,2025-07-24T21:58:23.476113
00103.png,0,20.0,20.00802688815793,19.99197311184206,1.2149211484769844,2025-07-24T21:58:23.761465
00104.png,0,20.0,20.00561882171055,19.994381178289444,1.2153699117081218,2025-07-24T21:58:24.052322
00105.png,0,20.0,20.003933175197382,19.99606682480261,1.216682470415866,2025-07-24T21:58:24.330614
00106.png,0,20.0,20.002753222638166,19.997246777361827,1.2095915319618822,2025-07-24T21:58:24.624204
00107.png,0,20.0,20.001927255846716,19.998072744153276,1.217117325193449,2025-07-24T21:58:24.900319
00108.png,0,20.0,20.001349079092698,19.998650920907295,1.2191931991832403,2025-07-24T21:58:25.167525
00109.png,0,20.0,20.000944355364886,19.999055644635106,1.220396724259197,2025-07-24T21:58:25.439007
00110.png,0,20.0,20.00066104875542,19.999338951244575,1.2140917765778918,2025-07-24T21:58:25.734266
00111.png,0,20.0,20.000462734128792,19.9995372658712,1.2172618576962573,2025-07-24T21:58:25.996289
00112.png,0,20.0,20.000323913890153,19.99967608610984,1.216302915829113,2025-07-24T21:58:26.272535
00113.png,0,20.0,20.000226739723104,19.99977326027689,1.2155800152704208,2025-07-24T21:58:26.557822
00114.png,0,20.0,20.000158717806173,19.99984128219382,1.2142683561606968,2025-07-24T21:58:26.827073
00115.png,0,20.0,20.00011110246432,19.999888897535673,1.2220845129459692,2025-07-24T21:58:27.091259
00116.png,0,20.0,20.000077771725024,19.99992222827497,1.2154569156223667,2025-07-24T21:58:27.360319
00117.png,0,20.0,20.000054440207514,19.99994555979248,1.2152737301318877,2025-07-24T21:58:27.624074
00118.png,0,20.0,20.000038108145258,19.999961891854735,1.218222072383137,2025-07-24T21:58:27.889877
00119.png,0,20.0,20.00002667570168,19.999973324298313,1.2196837681325419,2025-07-24T21:58:28.158500
00120.png,0,20.0,20.000018672991175,19.99998132700882,1.2148259796491099,2025-07-24T21:58:28.426509
00121.png,0,20.0,20.00001307109382,19.99998692890617,1.2185902196599008,2025-07-24T21:58:28.703506
00122.png,0,20.0,20.000009149765674,19.99999085023432,1.2165816507409855,2025-07-24T21:58:28.968694
00123.png,0,20.0,20.000006404835972,19.99999359516402,1.2105218376437572,2025-07-24T21:58:29.237466
00124.png,0,20.0,20.00000448338518,19.999995516614813,1.2212519885638342,2025-07-24T21:58:29.504119
00125.png,0,20.0,20.000003138369625,19.99999686163037,1.2164924262096282,2025-07-24T21:58:29.784453
00126.png,0,20.0,20.000002196858738,19.999997803141255,1.2129376248797568,2025-07-24T21:58:30.065180
00127.png,0,20.0,20.000001537801115,19.999998462198878,1.2161017339422746,2025-07-24T21:58:30.345291
00128.png,0,20.0,20.00000107646078,19.999998923539216,1.2169942147297617,2025-07-24T21:58:30.629759
00129.png,0,20.0,20.000000753522546,19.99999924647745,1.2152359367081584,2025-07-24T21:58:30.905950
00130.png,0,20.0,20.00000052746578,19.999999472534213,1.2157310408624646,2025-07-24T21:58:31.170994
00131.png,0,20.0,20.000000369226044,19.99999963077395,1.2184919813965585,2025-07-24T21:58:31.454072
00132.png,0,20.0,20.00000025845823,19.999999741541764,1.2171769136180923,2025-07-24T21:58:31.738195
00133.png,0,20.0,20.000000180920757,19.999999819079235,1.2160978253630106,2025-07-24T21:58:32.013182
00134.png,0,20.0,20.00000012664453,19.999999873355463,1.2179046074848825,2025-07-24T21:58:32.295600
00135.png,0,20.0,20.00000008865117,19.999999911348823,1.21649540575867,2025-07-24T21:58:32.586354
00136.png,0,20.0,20.00000006205582,19.999999937944175,1.2166582816887732,2025-07-24T21:58:32.853645
00137.png,0,20.0,20.000000043439073,19.99999995656092,1.218004876920017,2025-07-24T21:58:33.119731
00138.png,1,20.0,24.50000003040735,15.499999969592643,1.236407512533087,2025-07-24T21:58:33.390501
00139.png,0,20.0,23.150000021285145,16.84999997871485,1.2551506324626722,2025-07-24T21:58:33.653281
00140.png,0,20.0,22.2050000148996,17.794999985100393,1.2751292521388171,2025-07-24T21:58:33.922060
00141.png,0,20.0,21.543500010429717,18.456499989570275,1.261625086359055,2025-07-24T21:58:34.196816
00142.png,0,20.0,21.0804500073008,18.919549992699192,1.2414670511066173,2025-07-24T21:58:34.473066
00143.png,0,20.0,20.756315005110558,19.243684994889435,1.2212578258352988,2025-07-24T21:58:34.752403
00144.png,0,20.0,20.52942050357739,19.4705794964226,1.230383576666668,2025-07-24T21:58:35.015314
00145.png,0,20.0,20.37059435250417,19.629405647495823,1.231071396568142,2025-07-24T21:58:35.296053
00146.png,0,20.0,20.259416046752918,19.740583953247075,1.210000706422792,2025-07-24T21:58:35.560265
00147.png,0,20.0,20.181591232727044,19.818408767272953,1.2270831444651287,2025-07-24T21:58:35.842420
00148.png,0,20.0,20.127113862908928,19.872886137091065,1.2286599341115603,2025-07-24T21:58:36.106336
00149.png,0,20.0,20.088979704036248,19.911020295963745,1.2190936376295411,2025-07-24T21:58:36.377971
00150.png,0,20.0,20.06228579282537,19.937714207174622,1.2222660452272984,2025-07-24T21:58:36.646321
00151.png,0,20.0,20.04360005497776,19.956399945022234,1.220747231190981,2025-07-24T21:58:36.894038
00152.png,0,20.0,20.030520038484433,19.969479961515564,1.2140272044511164,2025-07-24T21:58:37.146123
00153.png,0,20.0,20.021364026939104,19.978635973060896,1.219294126198204,2025-07-24T21:58:37.406830
00154.png,0,20.0,20.01495481885737,19.985045181142628,1.2172465556297183,2025-07-24T21:58:37.668023
00155.png,0,20.0,20.010468373200155,19.989531626799838,1.2146099910602752,2025-07-24T21:58:37.926397
00156.png,0,20.0,20.007327861240107,19.992672138759886,1.2154486494943897,2025-07-24T21:58:38.180854
00157.png,1,20.0,24.505129502868073,15.49487049713192,1.2530136446706033,2025-07-24T21:58:38.428748
00158.png,0,20.0,23.15359065200765,16.846409347992342,1.2776333185372937,2025-07-24T21:58:38.685169
00159.png,1,20.0,26.707513456405355,13.292486543594638,1.2754593072049152,2025-07-24T21:58:38.936261
00160.png,0,20.0,24.695259419483747,15.304740580516246,1.3097204705865866,2025-07-24T21:58:39.175674
00161.png,1,20.0,27.786681593638622,12.21331840636137,1.328719518584668,2025-07-24T21:58:39.417682
00162.png,0,20.0,25.450677115547034,14.549322884452959,1.363870460957789,2025-07-24T21:58:39.659765
00163.png,0,20.0,23.815473980882924,16.184526019117072,1.3622116063435539,2025-07-24T21:58:39.894524
00164.png,1,20.0,27.170831786618045,12.82916821338195,1.383619810135745,2025-07-24T21:58:40.125583
00165.png,0,20.0,25.01958225063263,14.980417749367364,1.3895025560930374,2025-07-24T21:58:40.368220
00166.png,0,20.0,23.51370757544284,16.486292424557156,1.3961445601316425,2025-07-24T21:58:40.591331
00167.png,1,20.0,26.959595302809987,13.04040469719001,1.3922310689352575,2025-07-24T21:58:40.832014
00168.png,0,20.0,24.87171671196699,15.128283288033005,1.4198180820651147,2025-07-24T21:58:41.070008
00169.png,0,20.0,23.41020169837689,16.589798301623105,1.3937261248089317,2025-07-24T21:58:41.301650
00170.png,0,20.0,22.387141188863822,17.61285881113617,1.3370872368826925,2025-07-24T21:58:41.541375
00171.png,1,20.0,26.170998832204674,13.829001167795319,1.3576447734119639,2025-07-24T21:58:41.795295
00172.png,1,20.0,28.81969918254327,11.180300817456722,1.3772312072825568,2025-07-24T21:58:42.038961
00173.png,0,20.0,26.17378942778029,13.826210572219704,1.3887504359210336,2025-07-24T21:58:42.262424
00174.png,0,20.0,24.3216525994462,15.678347400553792,1.4091287540450685,2025-07-24T21:58:42.516650
00175.png,0,20.0,23.025156819612338,16.97484318038765,1.3583004731576318,2025-07-24T21:58:42.775249
00176.png,0,20.0,22.117609773728635,17.882390226271355,1.3148271528997453,2025-07-24T21:58:43.011230
00177.png,1,20.0,25.982326841610043,14.017673158389947,1.3527999466528489,2025-07-24T21:58:43.236858
00178.png,1,20.0,28.68762878912703,11.312371210872962,1.3735413238489058,2025-07-24T21:58:43.473490
00179.png,1,20.0,30.58134015238892,9.418659847611073,1.4033593589648106,2025-07-24T21:58:43.704426
00180.png,0,20.0,27.406938106672243,12.59306189332775,1.4287033421555442,2025-07-24T21:58:43.952451
00181.png,0,20.0,25.18485667467057,14.815143325329425,1.4193521202747035,2025-07-24T21:58:44.177500
00182.png,0,20.0,23.629399672269397,16.370600327730596,1.400443176382952,2025-07-24T21:58:44.409697
00183.png,1,20.0,27.040579770588575,12.959420229411416,1.4244089970513647,2025-07-24T21:58:44.646349
00184.png,0,20.0,24.928405839412,15.07159416058799,1.4349289233189706,2025-07-24T21:58:44.872915
00185.png,0,20.0,23.449884087588398,16.55011591241159,1.4051946179437924,2025-07-24T21:58:45.085771
00186.png,0,20.0,22.41491886131188,17.585081138688114,1.3395883719528476,2025-07-24T21:58:45.300876
00187.png,1,20.0,26.190443202918313,13.80955679708168,1.3449066424334977,2025-07-24T21:58:45.535630
00188.png,1,20.0,28.833310242042817,11.166689757957174,1.3915604675193922,2025-07-24T21:58:45.754974
00189.png,1,20.0,30.68331716942997,9.316682830570022,1.4004921005000672,2025-07-24T21:58:45.965266
00190.png,1,20.0,31.978322018600977,8.021677981399016,1.4364065947391205,2025-07-24T21:58:46.190534
00191.png,1,20.0,32.88482541302068,7.115174586979311,1.4638807112884487,2025-07-24T21:58:46.416265
00192.png,0,20.0,29.019377789114472,10.980622210885517,1.4910851604031239,2025-07-24T21:58:46.651747
00193.png,0,20.0,26.313564452380128,13.686435547619862,1.4753719561662364,2025-07-24T21:58:46.886816
00194.png,0,20.0,24.419495116666088,15.580504883333903,1.4081566756282025,2025-07-24T21:58:47.111154
00195.png,0,20.0,23.09364658166626,16.90635341833373,1.3489719296160736,2025-07-24T21:58:47.325400
00196.png,0,20.0,22.16555260716638,17.83444739283361,1.2855538164748257,2025-07-24T21:58:47.553635
00197.png,0,20.0,21.515886825016466,18.484113174983527,1.2884712003616052,2025-07-24T21:58:47.767473
00198.png,0,20.0,21.061120777511526,18.938879222488467,1.2470558142784098,2025-07-24T21:58:47.979411
00199.png,0,20.0,20.742784544258065,19.257215455741928,1.237948003119099,2025-07-24T21:58:48.204472
00200.png,0,20.0,20.519949180980646,19.480050819019347,1.2156407024594769,2025-07-24T21:58:48.419639
00201.png,1,20.0,24.86396442668645,15.136035573313542,1.2591300967533394,2025-07-24T21:58:48.634255
00202.png,1,20.0,27.904775098680513,12.09522490131948,1.2944195383193273,2025-07-24T21:58:48.846146
00203.png,1,20.0,30.033342569076357,9.966657430923634,1.3246552832177902,2025-07-24T21:58:49.063395
00204.png,1,20.0,31.523339798353447,8.476660201646544,1.3744332760051696,2025-07-24T21:58:49.292541
00205.png,0,20.0,28.06633785884741,11.933662141152581,1.3756889838436699,2025-07-24T21:58:49.519189
00206.png,0,20.0,25.646436501193186,14.353563498806807,1.374558270569251,2025-07-24T21:58:49.728854
00207.png,0,20.0,23.95250555083523,16.047494449164766,1.3724742459728214,2025-07-24T21:58:49.965196
00208.png,0,20.0,22.76675388558466,17.233246114415337,1.367054967634675,2025-07-24T21:58:50.187234
00209.png,-1,20.0,17.43672771990926,22.563272280090736,1.3027029770029004,2025-07-24T21:58:50.400375
00210.png,0,20.0,18.20570940393648,21.79429059606351,1.2437229196242676,2025-07-24T21:58:50.630596
00211.png,0,20.0,18.743996582755535,21.256003417244457,1.2081328666272768,2025-07-24T21:58:50.860932
00212.png,0,20.0,19.120797607928875,20.87920239207112,1.1912476863896286,2025-07-24T21:58:51.083604
00213.png,1,20.0,23.88455832555021,16.115441674449784,1.203155072211946,2025-07-24T21:58:51.318815
00214.png,1,20.0,27.219190827885146,12.780809172114848,1.2404045997913635,2025-07-24T21:58:51.540236
00215.png,0,20.0,25.053433579519602,14.946566420480393,1.26701878851583,2025-07-24T21:58:51.756093
00216.png,0,20.0,23.537403505663722,16.462596494336275,1.3023257624459206,2025-07-24T21:58:51.978979
00217.png,1,20.0,26.976182453964604,13.023817546035392,1.3341623802291949,2025-07-24T21:58:52.207241
00218.png,0,20.0,24.88332771777522,15.116672282224775,1.3559295717202704,2025-07-24T21:58:52.421032
00219.png,0,20.0,23.41832940244265,16.58167059755734,1.3618403042791176,2025-07-24T21:58:52.654018
00220.png,1,20.0,26.892830581709855,13.107169418290137,1.365508132966839,2025-07-24T21:58:52.863389
00221.png,0,20.0,24.824981407196898,15.175018592803095,1.38917188821915,2025-07-24T21:58:53.073898
00222.png,0,20.0,23.377486985037827,16.622513014962166,1.3817874779679824,2025-07-24T21:58:53.289495
00223.png,1,20.0,26.864240889526478,13.135759110473515,1.3806850252697989,2025-07-24T21:58:53.513335
00224.png,1,20.0,29.304968622668532,10.69503137733146,1.416347213991177,2025-07-24T21:58:53.738554
00225.png,0,20.0,26.513478035867973,13.486521964132022,1.4081391640768939,2025-07-24T21:58:53.952030
00226.png,1,20.0,29.05943462510758,10.940565374892415,1.43778403894046,2025-07-24T21:58:54.173525
00227.png,1,20.0,30.841604237575307,9.15839576242469,1.4650717353043168,2025-07-24T21:58:54.396124
00228.png,1,20.0,32.08912296630271,7.9108770336972825,1.5008684437281368,2025-07-24T21:58:54.609719
00229.png,1,20.0,32.962386076411896,7.037613923588097,1.5261564023009342,2025-07-24T21:58:54.824146
00230.png,1,20.0,33.57367025348833,6.4263297465116676,1.5374028373307564,2025-07-24T21:58:55.024635
00231.png,1,20.0,34.00156917744183,5.998430822558167,1.5765359541325041,2025-07-24T21:58:55.238132
00232.png,1,20.0,34.30109842420928,5.698901575790717,1.590953026304387,2025-07-24T21:58:55.468644
00233.png,1,20.0,34.510768896946495,5.489231103053502,1.5914970383247355,2025-07-24T21:58:55.674980
00234.png,1,20.0,34.657538227862545,5.342461772137451,1.5741513610751536,2025-07-24T21:58:55.891266
00235.png,1,20.0,34.76027675950378,5.2397232404962155,1.6043333907651045,2025-07-24T21:58:56.104309
00236.png,1,20.0,34.832193731652644,5.16780626834735,1.60045253225934,2025-07-24T21:58:56.329179
00237.png,1,20.0,34.88253561215685,5.117464387843144,1.619837004264917,2025-07-24T21:58:56.541813
00238.png,1,20.0,34.91777492850979,5.082225071490201,1.6249838817561435,2025-07-24T21:58:56.758704
00239.png,1,20.0,34.94244244995686,5.05755755004314,1.6420304724044545,2025-07-24T21:58:56.981686
00240.png,1,20.0,34.9597097149698,5.040290285030197,1.6498157800033715,2025-07-24T21:58:57.197292
00241.png,1,20.0,34.971796800478856,5.028203199521138,1.651502498099355,2025-07-24T21:58:57.437962
00242.png,1,20.0,34.9802577603352,5.019742239664796,1.6560934416653197,2025-07-24T21:58:57.665878
00243.png,1,20.0,34.98618043223463,5.013819567765357,1.6732659637624068,2025-07-24T21:58:57.876902
00244.png,1,20.0,34.99032630256424,5.009673697435749,1.6835332279659323,2025-07-24T21:58:58.093304
00245.png,1,20.0,34.993228411794966,5.006771588205025,1.6969121653365904,2025-07-24T21:58:58.323283
00246.png,1,20.0,34.99525988825647,5.0047401117435175,1.6947128047740092,2025-07-24T21:58:58.529189
00247.png,1,20.0,34.996681921779526,5.003318078220461,1.7054732506218135,2025-07-24T21:58:58.744912
00248.png,1,20.0,34.99767734524566,5.002322654754323,1.6868770129608313,2025-07-24T21:58:58.960067
00249.png,0,20.0,30.498374141671963,9.501625858328026,1.6732964530631536,2025-07-24T21:58:59.206409
00250.png,0,20.0,27.348861899170373,12.651138100829618,1.5527119131874254,2025-07-24T21:58:59.441093
00251.png,0,20.0,25.14420332941926,14.855796670580732,1.4283609187686248,2025-07-24T21:58:59.664373
00252.png,0,20.0,23.60094233059348,16.39905766940651,1.3455021633087543,2025-07-24T21:58:59.889644
00253.png,0,20.0,22.520659631415434,17.479340368584555,1.253855289062061,2025-07-24T21:59:00.119866
00254.png,0,20.0,21.7644617419908,18.235538258009186,1.2128873590477824,2025-07-24T21:59:00.347672
00255.png,0,20.0,21.235123219393557,18.76487678060643,1.2171240976196278,2025-07-24T21:59:00.583566
00256.png,0,20.0,20.86458625357549,19.135413746424497,1.2290097581585944,2025-07-24T21:59:00.818918
00257.png,0,20.0,20.605210377502843,19.394789622497147,1.2270838969353046,2025-07-24T21:59:01.049824
00258.png,-1,20.0,15.923647264251988,24.076352735748003,1.1951798991269282,2025-07-24T21:59:01.269170
00259.png,0,20.0,17.14655308497639,22.8534469150236,1.1648759733354475,2025-07-24T21:59:01.503410
00260.png,0,20.0,18.002587159483472,21.997412840516517,1.1492112860093924,2025-07-24T21:59:01.748107
00261.png,-1,20.0,14.10181101163843,25.89818898836156,1.1248998823292833,2025-07-24T21:59:01.999931
00262.png,0,20.0,15.8712677081469,24.12873229185309,1.1143414118757526,2025-07-24T21:59:02.237032
00263.png,0,20.0,17.109887395702827,22.890112604297162,1.120422072748898,2025-07-24T21:59:02.477734
00264.png,0,20.0,17.97692117699198,22.023078823008014,1.128580160831184,2025-07-24T21:59:02.721828
00265.png,0,20.0,18.583844823894385,21.416155176105608,1.147078874661883,2025-07-24T21:59:02.971924
00266.png,1,20.0,23.50869137672607,16.491308623273923,1.1621833042449023,2025-07-24T21:59:03.212774
00267.png,1,20.0,26.95608396370825,13.043916036291746,1.2170687123084478,2025-07-24T21:59:03.450355
00268.png,0,20.0,24.869258774595774,15.130741225404222,1.231022889659365,2025-07-24T21:59:03.693497
00269.png,1,20.0,27.908481142217042,12.091518857782955,1.2731804802626423,2025-07-24T21:59:03.947718
00270.png,0,20.0,25.535936799551926,14.464063200448068,1.3034883734404792,2025-07-24T21:59:04.189315
00271.png,0,20.0,23.875155759686347,16.12484424031365,1.320267181398455,2025-07-24T21:59:04.438635
00272.png,0,20.0,22.712609031780442,17.287390968219555,1.3293870099896457,2025-07-24T21:59:04.695373
00273.png,0,20.0,21.898826322246308,18.101173677753685,1.3012557338292292,2025-07-24T21:59:04.948204
00274.png,0,20.0,21.329178425572415,18.670821574427578,1.2689532083586934,2025-07-24T21:59:05.187528
00275.png,0,20.0,20.93042489790069,19.069575102099304,1.2483503668941045,2025-07-24T21:59:05.426754
00276.png,0,20.0,20.651297428530484,19.34870257146951,1.2447479978565137,2025-07-24T21:59:05.672945
00277.png,0,20.0,20.45590819997134,19.544091800028657,1.2268078970842977,2025-07-24T21:59:05.920005
00278.png,0,20.0,20.319135739979934,19.68086426002006,1.228341371260611,2025-07-24T21:59:06.186653
00279.png,0,20.0,20.22339501798595,19.776604982014042,1.231378434964654,2025-07-24T21:59:06.441194
00280.png,0,20.0,20.156376512590164,19.84362348740983,1.2174760602112757,2025-07-24T21:59:06.695494
00281.png,0,20.0,20.10946355881311,19.89053644118688,1.220895591392746,2025-07-24T21:59:06.951784
00282.png,0,20.0,20.076624491169177,19.923375508830816,1.2203169300809793,2025-07-24T21:59:07.224212
00283.png,0,20.0,20.05363714381842,19.946362856181572,1.2223959455627331,2025-07-24T21:59:07.468009
00284.png,1,20.0,24.537546000672894,15.4624539993271,1.2262096941975633,2025-07-24T21:59:07.724927
00285.png,1,20.0,27.676282200471025,12.32371779952897,1.2780556165702681,2025-07-24T21:59:07.973721
00286.png,1,20.0,29.873397540329716,10.126602459670279,1.3190550679631923,2025-07-24T21:59:08.225754
00287.png,1,20.0,31.4113782782308,8.588621721769194,1.3472949221755928,2025-07-24T21:59:08.481334
00288.png,1,20.0,32.48796479476156,7.512035205238435,1.3892256494080244,2025-07-24T21:59:08.724106
00289.png,1,20.0,33.24157535633309,6.758424643666904,1.4261558061154902,2025-07-24T21:59:08.976220
00290.png,0,20.0,29.26910274943316,10.730897250566834,1.4381276803781844,2025-07-24T21:59:09.234547
00291.png,1,20.0,30.98837192460321,9.011628075396782,1.4445840936976895,2025-07-24T21:59:09.465914
00292.png,1,20.0,32.191860347222246,7.808139652777747,1.4738989010450247,2025-07-24T21:59:09.705989
00293.png,1,20.0,33.03430224305557,6.965697756944422,1.4971981060176893,2025-07-24T21:59:09.949705
00294.png,1,20.0,33.6240115701389,6.375988429861096,1.529237929528755,2025-07-24T21:59:10.194353
00295.png,1,20.0,34.03680809909723,5.963191900902767,1.5511333748297147,2025-07-24T21:59:10.430405
00296.png,1,20.0,34.32576566936806,5.674234330631936,1.5618181088115652,2025-07-24T21:59:10.672812
00297.png,1,20.0,34.528035968557646,5.471964031442355,1.5841863526949822,2025-07-24T21:59:10.928064
00298.png,1,20.0,34.669625177990355,5.330374822009649,1.6085099143526407,2025-07-24T21:59:11.159467
00299.png,1,20.0,34.76873762459324,5.231262375406754,1.6244831158175668,2025-07-24T21:59:11.418150
00300.png,1,20.0,34.83811633721527,5.161883662784728,1.626347721970341,2025-07-24T21:59:11.666141
00301.png,1,20.0,34.88668143605069,5.11331856394931,1.634228013964966,2025-07-24T21:59:11.919884
00302.png,1,20.0,34.920677005235476,5.079322994764517,1.640479232412396,2025-07-24T21:59:12.171179
00303.png,1,20.0,34.94447390366483,5.0555260963351625,1.6583250951586055,2025-07-24T21:59:12.439567
00304.png,1,20.0,34.96113173256538,5.038868267434614,1.6718183315133743,2025-07-24T21:59:12.700899
00305.png,1,20.0,34.97279221279577,5.02720778720423,1.6934103168346157,2025-07-24T21:59:12.982558
00306.png,1,20.0,34.98095454895704,5.0190454510429605,1.6831067026128457,2025-07-24T21:59:13.270863
00307.png,1,20.0,34.986668184269924,5.013331815730072,1.6931839513646874,2025-07-24T21:59:13.530926
00308.png,1,20.0,34.990667728988946,5.009332271011051,1.7046162716331588,2025-07-24T21:59:13.781389
00309.png,1,20.0,34.99346741029226,5.006532589707735,1.704700185103404,2025-07-24T21:59:14.016810
00310.png,1,20.0,34.995427187204584,5.0045728127954145,1.697856131572667,2025-07-24T21:59:14.243644
00311.png,1,20.0,34.99679903104321,5.00320096895679,1.6488499714535476,2025-07-24T21:59:14.472191
00312.png,0,20.0,30.497759321730246,9.502240678269754,1.6040623102590401,2025-07-24T21:59:14.708972
00313.png,0,20.0,27.348431525211172,12.651568474788828,1.4761739668784233,2025-07-24T21:59:14.940878
00314.png,0,20.0,25.14390206764782,14.85609793235218,1.356415811413132,2025-07-24T21:59:15.183158
00315.png,0,20.0,23.60073144735347,16.399268552646525,1.2177284765315766,2025-07-24T21:59:15.407472
00316.png,0,20.0,22.520512013147428,17.47948798685257,1.195907425052319,2025-07-24T21:59:15.618934
00317.png,0,20.0,21.764358409203197,18.235641590796796,1.2097244617495853,2025-07-24T21:59:15.829274
00318.png,-1,20.0,16.735050886442238,23.264949113557755,1.1949968398160016,2025-07-24T21:59:16.034138
00319.png,-1,20.0,13.214535620509565,26.785464379490428,1.1879941144098116,2025-07-24T21:59:16.261124
00320.png,-1,20.0,10.750174934356695,29.249825065643297,1.172536820255986,2025-07-24T21:59:16.483716
00321.png,-1,20.0,9.025122454049686,30.974877545950307,1.179623651702532,2025-07-24T21:59:16.705564
00322.png,-1,20.0,7.81758571783478,32.18241428216521,1.1811164806803542,2025-07-24T21:59:16.926444
00323.png,-1,20.0,6.972310002484346,33.02768999751565,1.1742583368132653,2025-07-24T21:59:17.152610
00324.png,-1,20.0,6.380617001739042,33.61938299826095,1.1521867872912437,2025-07-24T21:59:17.378140
00325.png,-1,20.0,5.966431901217329,34.033568098782666,1.1645062475217778,2025-07-24T21:59:17.610502
00326.png,-1,20.0,5.67650233085213,34.32349766914787,1.154093774417466,2025-07-24T21:59:17.842743
00327.png,-1,20.0,5.473551631596491,34.52644836840351,1.1655155858232507,2025-07-24T21:59:18.061673
00328.png,-1,20.0,5.3314861421175435,34.66851385788245,1.1771440222911593,2025-07-24T21:59:18.284627
00329.png,-1,20.0,5.23204029948228,34.767959700517714,1.173649767416821,2025-07-24T21:59:18.507227
00330.png,-1,20.0,5.162428209637596,34.837571790362404,1.1902712299334601,2025-07-24T21:59:18.749210
00331.png,-1,20.0,5.113699746746317,34.88630025325368,1.1869314844694845,2025-07-24T21:59:19.021528
00332.png,-1,20.0,5.079589822722422,34.920410177277574,1.203008714660776,2025-07-24T21:59:19.282077
00333.png,-1,20.0,5.055712875905695,34.9442871240943,1.197028470057924,2025-07-24T21:59:19.552727
00334.png,0,20.0,9.538999013133987,30.46100098686601,1.166216511760146,2025-07-24T21:59:19.832543
00335.png,0,20.0,12.67729930919379,27.322700690806208,1.1353142584445848,2025-07-24T21:59:20.109778
00336.png,1,20.0,19.374109516435652,20.625890483564344,1.1122621350790312,2025-07-24T21:59:20.392498
00337.png,1,20.0,24.061876661504954,15.93812333849504,1.1100060093718367,2025-07-24T21:59:20.652700
00338.png,1,20.0,27.343313663053465,12.656686336946526,1.1560809555569123,2025-07-24T21:59:20.884366
00339.png,0,20.0,25.140319564137425,14.859680435862568,1.19552783793719,2025-07-24T21:59:21.134193
00340.png,0,20.0,23.598223694896195,16.401776305103795,1.2328553043973098,2025-07-24T21:59:21.365244
00341.png,0,20.0,22.518756586427337,17.481243413572656,1.234465792709709,2025-07-24T21:59:21.609007
00342.png,-1,20.0,17.263129610499135,22.736870389500858,1.2007887989153128,2025-07-24T21:59:21.873142
00343.png,-1,20.0,13.584190727349394,26.4158092726506,1.197929281937517,2025-07-24T21:59:22.145581
00344.png,0,20.0,15.508933509144576,24.491066490855417,1.1591291007703732,2025-07-24T21:59:22.413734
00345.png,0,20.0,16.856253456401202,23.14374654359879,1.1385086677519398,2025-07-24T21:59:22.679042
00346.png,0,20.0,17.79937741948084,22.200622580519152,1.129881787035628,2025-07-24T21:59:22.919952
00347.png,0,20.0,18.459564193636588,21.540435806363405,1.1588258464491903,2025-07-24T21:59:23.175690
00348.png,-1,20.0,14.421694935545611,25.578305064454383,1.1382945914742042,2025-07-24T21:59:23.421312
00349.png,-1,20.0,11.595186454881928,28.404813545118067,1.1526942387354882,2025-07-24T21:59:23.677888
00350.png,-1,20.0,9.616630518417349,30.383369481582644,1.165626708233692,2025-07-24T21:59:23.916969
00351.png,-1,20.0,8.231641362892145,31.76835863710785,1.1592356408362858,2025-07-24T21:59:24.151132
00352.png,0,20.0,11.7621489540245,28.237851045975493,1.1955758723770922,2025-07-24T21:59:24.393634
00353.png,-1,20.0,9.73350426781715,30.266495732182843,1.201667320763657,2025-07-24T21:59:24.626745
00354.png,-1,20.0,8.313452987472004,31.68654701252799,1.2104366761842165,2025-07-24T21:59:24.860990
00355.png,-1,20.0,7.319417091230402,32.680582908769594,1.234846448498107,2025-07-24T21:59:25.095736
00356.png,-1,20.0,6.623591963861282,33.37640803613871,1.223099837163808,2025-07-24T21:59:25.329309
00357.png,-1,20.0,6.136514374702897,33.8634856252971,1.235106371154317,2025-07-24T21:59:25.569571
00358.png,0,20.0,10.295560062292028,29.70443993770797,1.2215031459878583,2025-07-24T21:59:25.800343
00359.png,0,20.0,13.20689204360442,26.793107956395577,1.2141877157360672,2025-07-24T21:59:26.037816
00360.png,0,20.0,15.244824430523092,24.755175569476904,1.207711211509236,2025-07-24T21:59:26.261856
00361.png,0,20.0,16.67137710136616,23.32862289863383,1.1751210891916544,2025-07-24T21:59:26.486892
00362.png,0,20.0,17.66996397095631,22.330036029043683,1.1534186381465998,2025-07-24T21:59:26.743864
00363.png,-1,20.0,13.868974779669417,26.131025220330578,1.1291248878461446,2025-07-24T21:59:26.967276
00364.png,-1,20.0,11.208282345768591,28.7917176542314,1.1042328267442876,2025-07-24T21:59:27.214464
00365.png,-1,20.0,9.345797642038013,30.65420235796198,1.1189922545980455,2025-07-24T21:59:27.437769
00366.png,-1,20.0,8.042058349426608,31.957941650573385,1.116843504370207,2025-07-24T21:59:27.683104
00367.png,-1,20.0,7.129440844598625,32.87055915540137,1.1253125026498374,2025-07-24T21:59:27.914760
00368.png,-1,20.0,6.490608591219037,33.50939140878096,1.151017682409547,2025-07-24T21:59:28.156882
00369.png,0,20.0,10.543426013853326,29.45657398614667,1.1644472207489076,2025-07-24T21:59:28.396314
00370.png,0,20.0,13.380398209697328,26.619601790302667,1.1667622051078348,2025-07-24T21:59:28.630761
00371.png,1,20.0,19.86627874678813,20.133721253211867,1.168027677257453,2025-07-24T21:59:28.860908
00372.png,0,20.0,19.90639512275169,20.093604877248303,1.2199562471689385,2025-07-24T21:59:29.075985
00373.png,1,20.0,24.434476585926184,15.56552341407381,1.2545102122325076,2025-07-24T21:59:29.305642
00374.png,0,20.0,23.104133610148327,16.89586638985167,1.2715551531450944,2025-07-24T21:59:29.542339
00375.png,0,20.0,22.172893527103827,17.82710647289617,1.2729702149730762,2025-07-24T21:59:29.783757
00376.png,0,20.0,21.521025468972677,18.47897453102732,1.2590124859865557,2025-07-24T21:59:29.997999
00377.png,0,20.0,21.064717828280873,18.935282171719123,1.2390653664098907,2025-07-24T21:59:30.222004
00378.png,-1,20.0,16.24530247979661,23.754697520203386,1.2326981443685805,2025-07-24T21:59:30.435251
00379.png,-1,20.0,12.871711735857627,27.12828826414237,1.220007785569705,2025-07-24T21:59:30.666168
00380.png,-1,20.0,10.510198215100338,29.489801784899658,1.2318699731268519,2025-07-24T21:59:30.893691
00381.png,-1,20.0,8.857138750570236,31.14286124942976,1.2597879097975782,2025-07-24T21:59:31.132000
00382.png,-1,20.0,7.699997125399165,32.300002874600835,1.2566530267605458,2025-07-24T21:59:31.358793
00383.png,-1,20.0,6.889997987779415,33.11000201222058,1.247665501009183,2025-07-24T21:59:31.584650
00384.png,0,20.0,10.82299859144559,29.177001408554407,1.2533076580974798,2025-07-24T21:59:31.810752
00385.png,0,20.0,13.576099014011913,26.423900985988084,1.230988862086334,2025-07-24T21:59:32.024935
00386.png,1,20.0,20.00326930980834,19.996730690191658,1.1901776427185107,2025-07-24T21:59:32.242161
00387.png,1,20.0,24.502288516865836,15.49771148313416,1.2240230778263375,2025-07-24T21:59:32.468157
00388.png,0,20.0,23.151601961806083,16.848398038193913,1.2726923564256618,2025-07-24T21:59:32.686708
00389.png,0,20.0,22.206121373264256,17.79387862673574,1.290593035204874,2025-07-24T21:59:32.903723
00390.png,0,20.0,21.54428496128498,18.455715038715017,1.2660973671715674,2025-07-24T21:59:33.120931
00391.png,0,20.0,21.080999472899485,18.91900052710051,1.2592136956205162,2025-07-24T21:59:33.332825
00392.png,0,20.0,20.75669963102964,19.24330036897036,1.2605589632853043,2025-07-24T21:59:33.555209
00393.png,-1,20.0,16.029689741720745,23.97031025827925,1.2191014184998483,2025-07-24T21:59:33.772376
00394.png,-1,20.0,12.720782819204521,27.279217180795474,1.2095835265150612,2025-07-24T21:59:33.989045
00395.png,-1,20.0,10.404547973443163,29.59545202655683,1.2228415314908245,2025-07-24T21:59:34.219022
00396.png,-1,20.0,8.783183581410213,31.21681641858978,1.2481729514434035,2025-07-24T21:59:34.428025
00397.png,-1,20.0,7.648228506987149,32.35177149301285,1.2891920760967353,2025-07-24T21:59:34.656640
00398.png,0,20.0,11.353759954891004,28.646240045108993,1.2844686221488482,2025-07-24T21:59:34.886960
00399.png,0,20.0,13.947631968423703,26.052368031576293,1.2714894962766183,2025-07-24T21:59:35.105548
00400.png,0,20.0,15.763342377896592,24.236657622103404,1.2399584612493464,2025-07-24T21:59:35.319087
00401.png,0,20.0,17.034339664527614,22.965660335472382,1.192476923121821,2025-07-24T21:59:35.545783
00402.png,0,20.0,17.92403776516933,22.075962234830666,1.179393600407631,2025-07-24T21:59:35.761117
00403.png,-1,20.0,14.04682643561853,25.953173564381466,1.1422619751652165,2025-07-24T21:59:35.979783
00404.png,-1,20.0,11.332778504932971,28.667221495067025,1.1581441740948364,2025-07-24T21:59:36.201789
00405.png,-1,20.0,9.43294495345308,30.567055046546916,1.1804930812922956,2025-07-24T21:59:36.415694
00406.png,-1,20.0,8.103061467417156,31.89693853258284,1.2181572022283298,2025-07-24T21:59:36.644210
00407.png,-1,20.0,7.172143027192009,32.827856972807986,1.2256044710905016,2025-07-24T21:59:36.867782
00408.png,-1,20.0,6.520500119034406,33.47949988096559,1.2303756388269003,2025-07-24T21:59:37.080278
00409.png,0,20.0,10.564350083324083,29.435649916675914,1.2414463613475473,2025-07-24T21:59:37.308287
00410.png,0,20.0,13.395045058326858,26.60495494167314,1.2234477190108213,2025-07-24T21:59:37.530010
00411.png,0,20.0,15.3765315408288,24.623468459171196,1.2026664107890601,2025-07-24T21:59:37.759403
00412.png,0,20.0,16.76357207858016,23.236427921419835,1.1909639068602849,2025-07-24T21:59:38.014722
00413.png,0,20.0,17.734500455006113,22.265499544993883,1.1874853941849703,2025-07-24T21:59:38.270252
00414.png,0,20.0,18.414150318504277,21.585849681495716,1.1567602844702658,2025-07-24T21:59:38.535443
00415.png,0,20.0,18.889905222952994,21.110094777047003,1.1742318929772952,2025-07-24T21:59:38.815878
00416.png,0,20.0,19.222933656067095,20.7770663439329,1.1851088233182994,2025-07-24T21:59:39.078457
00417.png,-1,20.0,14.956053559246966,25.043946440753032,1.1780791594269984,2025-07-24T21:59:39.381707
00418.png,-1,20.0,11.969237491472876,28.030762508527122,1.1871474357916265,2025-07-24T21:59:39.657169
00419.png,-1,20.0,9.878466244031014,30.121533755968983,1.1854116657253875,2025-07-24T21:59:39.935849
00420.png,-1,20.0,8.414926370821709,31.585073629178286,1.2047143611412698,2025-07-24T21:59:40.217026
00421.png,-1,20.0,7.390448459575196,32.6095515404248,1.2181650245802589,2025-07-24T21:59:40.496439
00422.png,0,20.0,11.173313921702636,28.82668607829736,1.2137834911791452,2025-07-24T21:59:40.748269
00423.png,0,20.0,13.821319745191845,26.17868025480815,1.2101346017040577,2025-07-24T21:59:41.024184
00424.png,1,20.0,20.17492382163429,19.825076178365702,1.222319435486859,2025-07-24T21:59:41.273166
00425.png,0,20.0,20.122446675144005,19.877553324855988,1.2175726584813842,2025-07-24T21:59:41.528170
00426.png,0,20.0,20.085712672600803,19.91428732739919,1.2141090753146975,2025-07-24T21:59:41.793012
00427.png,0,20.0,20.05999887082056,19.940001129179432,1.2205513060297435,2025-07-24T21:59:42.044164
00428.png,0,20.0,20.041999209574392,19.9580007904256,1.2213997336781597,2025-07-24T21:59:42.300284
00429.png,-1,20.0,15.529399446702074,24.47060055329792,1.198081645360331,2025-07-24T21:59:42.551818
00430.png,-1,20.0,12.37057961269145,27.629420387308542,1.1911248720010466,2025-07-24T21:59:42.829926
00431.png,-1,20.0,10.159405728884014,29.84059427111598,1.1780688963020838,2025-07-24T21:59:43.070059
00432.png,-1,20.0,8.61158401021881,31.388415989781183,1.2080003939188055,2025-07-24T21:59:43.343158
00433.png,-1,20.0,7.528108807153166,32.471891192846826,1.2121569876035059,2025-07-24T21:59:43.578959
00434.png,0,20.0,11.269676165007215,28.730323834992777,1.2171574923610022,2025-07-24T21:59:43.788470
00435.png,0,20.0,13.88877331550505,26.111226684494945,1.227424370341479,2025-07-24T21:59:44.027569
00436.png,1,20.0,20.222141320853535,19.77785867914646,1.1788450954652525,2025-07-24T21:59:44.245778
00437.png,1,20.0,24.655498924597474,15.34450107540252,1.2128463270609267,2025-07-24T21:59:44.480245
00438.png,0,20.0,23.25884924721823,16.741150752781763,1.2574573890901328,2025-07-24T21:59:44.699662
00439.png,1,20.0,26.78119447305276,13.218805526947234,1.2932603252115786,2025-07-24T21:59:44.922609
00440.png,1,20.0,29.24683613113693,10.753163868863064,1.3108481907844274,2025-07-24T21:59:45.148222
00441.png,0,20.0,26.47278529179585,13.527214708204145,1.342438499556667,2025-07-24T21:59:45.375505
00442.png,0,20.0,24.530949704257093,15.469050295742901,1.3475917783628693,2025-07-24T21:59:45.606875
00443.png,0,20.0,23.171664792979964,16.828335207020032,1.344062143074242,2025-07-24T21:59:45.843311
00444.png,0,20.0,22.220165355085975,17.779834644914022,1.3002750013573325,2025-07-24T21:59:46.069936
00445.png,0,20.0,21.55411574856018,18.445884251439814,1.266965006693743,2025-07-24T21:59:46.284807
00446.png,0,20.0,21.087881023992125,18.912118976007868,1.2511774419636092,2025-07-24T21:59:46.497940
00447.png,0,20.0,20.76151671679449,19.238483283205507,1.2402568355471266,2025-07-24T21:59:46.725231
00448.png,0,20.0,20.53306170175614,19.466938298243853,1.2308930653676395,2025-07-24T21:59:46.934649
00449.png,0,20.0,20.373143191229296,19.626856808770697,1.214867094844699,2025-07-24T21:59:47.157699
00450.png,0,20.0,20.261200233860507,19.738799766139486,1.2224195011933585,2025-07-24T21:59:47.376614
00451.png,0,20.0,20.182840163702352,19.81715983629764,1.2240105722316663,2025-07-24T21:59:47.590198
00452.png,-1,20.0,15.627988114591645,24.372011885408348,1.186665469873668,2025-07-24T21:59:47.802775
00453.png,0,20.0,16.93959168021415,23.060408319785843,1.193976555696718,2025-07-24T21:59:48.028743
00454.png,0,20.0,17.857714176149905,22.142285823850088,1.1834414594627978,2025-07-24T21:59:48.264100
00455.png,0,20.0,18.500399923304933,21.49960007669506,1.180602561304397,2025-07-24T21:59:48.484627
00456.png,0,20.0,18.95027994631345,21.049720053686542,1.1825865782257257,2025-07-24T21:59:48.708052
00457.png,0,20.0,19.265195962419416,20.73480403758058,1.185978524590201,2025-07-24T21:59:48.927401
00458.png,0,20.0,19.48563717369359,20.514362826306403,1.2084374794966088,2025-07-24T21:59:49.149310
00459.png,0,20.0,19.639946021585512,20.36005397841448,1.2120480186056448,2025-07-24T21:59:49.365662
00460.png,0,20.0,19.747962215109858,20.252037784890135,1.2083977943619069,2025-07-24T21:59:49.584121
00461.png,-1,20.0,15.3235735505769,24.676426449423094,1.1742264996657235,2025-07-24T21:59:49.791237
00462.png,-1,20.0,12.226501485403828,27.773498514596163,1.1995456922601793,2025-07-24T21:59:50.007164
00463.png,-1,20.0,10.05855103978268,29.94144896021731,1.2203772999543618,2025-07-24T21:59:50.221081
00464.png,-1,20.0,8.540985727847875,31.459014272152118,1.243829129250164,2025-07-24T21:59:50.443030
00465.png,-1,20.0,7.478690009493512,32.52130999050648,1.249756025983488,2025-07-24T21:59:50.674944
00466.png,0,20.0,11.235083006645457,28.764916993354536,1.240767815395608,2025-07-24T21:59:50.910742
00467.png,1,20.0,18.36455810465182,21.635441895348173,1.1810463103192144,2025-07-24T21:59:51.142618
00468.png,1,20.0,23.355190673256274,16.64480932674372,1.2070247042174573,2025-07-24T21:59:51.365775
00469.png,0,20.0,22.348633471279392,17.6513665287206,1.2410566378483965,2025-07-24T21:59:51.590992
00470.png,0,20.0,21.644043429895575,18.355956570104418,1.2462577619502009,2025-07-24T21:59:51.832600
00471.png,0,20.0,21.1508304009269,18.849169599073093,1.2337205646382448,2025-07-24T21:59:52.058803
00472.png,0,20.0,20.80558128064883,19.194418719351162,1.2395498210070923,2025-07-24T21:59:52.305398
00473.png,0,20.0,20.563906896454178,19.436093103545815,1.231203748095695,2025-07-24T21:59:52.530459
00474.png,0,20.0,20.394734827517922,19.60526517248207,1.2141308484068436,2025-07-24T21:59:52.776169
00475.png,0,0.0,14.276314379262544,13.723685620737449,1.0345729814334352,2025-07-24T21:59:53.016036
00476.png,0,0.0,9.99342006548378,9.606579934516214,0.7723877661215655,2025-07-24T21:59:53.248695
00477.png,0,0.0,6.995394045838646,6.724605954161349,0.5249773248037344,2025-07-24T21:59:53.484809
00478.png,0,0.0,4.896775832087052,4.707224167912944,0.3049363498397012,2025-07-24T21:59:53.714060
00479.png,0,0.0,3.427743082460936,3.2950569175390605,0.2092987423270618,2025-07-24T21:59:53.959316
00480.png,0,0.0,2.399420157722655,2.306539842277342,0.13967634280758784,2025-07-24T21:59:54.190871
00481.png,0,0.0,1.6795941104058585,1.6145778895941394,0.10148414983080675,2025-07-24T21:59:54.437774
00482.png,0,0.0,1.1757158772841008,1.1302045227158974,0.07194161529767418,2025-07-24T21:59:54.676926
00483.png,0,0.0,0.8230011140988704,0.7911431659011282,0.04934815956699519,2025-07-24T21:59:54.919458
00484.png,0,0.0,0.5761007798692093,0.5538002161307897,0.03515918781389425,2025-07-24T21:59:55.155761
00485.png,0,0.0,0.40327054590844646,0.38766015129155273,0.023995219432945487,2025-07-24T21:59:55.412466
00486.png,0,0.0,0.2822893821359125,0.2713621059040869,0.016955708057475503,2025-07-24T21:59:55.652356
00487.png,0,0.0,0.19760256749513871,0.18995347413286082,0.011970435311558364,2025-07-24T21:59:55.885051
00488.png,0,0.0,0.1383217972465971,0.13296743189300256,0.008383307872244092,2025-07-24T21:59:56.114009
00489.png,0,0.0,0.09682525807261796,0.09307720232510179,0.0057834665687658705,2025-07-24T21:59:56.342550
00490.png,0,0.0,0.06777768065083258,0.06515404162757125,0.004034377213116044,2025-07-24T21:59:56.582186
00491.png,0,0.0,0.0474443764555828,0.04560782913929987,0.002872126968165056,2025-07-24T21:59:56.808495
00492.png,0,0.0,0.03321106351890796,0.031925480397509906,0.00199894950621307,2025-07-24T21:59:57.032054
00493.png,0,0.0,0.02324774446323557,0.022347836278256934,0.0013856850322690835,2025-07-24T21:59:57.266201
